{"mtime":1777902379,"year":"2569","multi_fy":{"2569":{"ชลบุรี(พ)":{"rate":[23.19408592,20.79684065,20.34041748,24.34742577,18.88128749,18.26616643,null,null,null,null,null,null],"volume":[1170803.13,1044467.77,1072974.82,1308616.31,915182.33,995175.27,null,null,null,null,null,null],"production":[4045731.25,4255198,4387421.25,4445468,4140116,4764714,null,null,null,null,null,null],"supplied":[5047852,5022242.5,5275087.5,5374762.5,4847033.5,5448189,null,null,null,null,null,null],"sold":[3802379,3857751,4075759,3854686,3748742,4225713,null,null,null,null,null,null],"blowoff":[74669.87,120023.73,126353.68,211460.19,183109.17,227300.73,null,null,null,null,null,null]},"พัทยา(พ)":{"rate":[23.49093992,19.96836728,22.34649278,20.26758599,16.40647155,17.05927496,null,null,null,null,null,null],"volume":[1480715.33,1253377.84,1444461.66,1349198.41,999445.79,1143579.92,null,null,null,null,null,null],"production":[6517693,6747187,7409047,7227150,6510766,7137527,null,null,null,null,null,null],"supplied":[6303346.46,6276816.84,6463930.04,6656927.03,6091777.79,6703566.96,null,null,null,null,null,null],"sold":[4425474,4637639,4699231,5069208,4857332,5274920,null,null,null,null,null,null],"blowoff":[397157.13,385800,320237.38,238520.62,235000,285067.04,null,null,null,null,null,null]},"พนัสนิคม":{"rate":[25.61631994,23.07951525,24.0344009,19.64835406,15.58762648,14.50499817,null,null,null,null,null,null],"volume":[608955,541855.32,558366,444187,329439.03,341631,null,null,null,null,null,null],"production":[2654800,3069972,3177550,3073277,2254004,2597489,null,null,null,null,null,null],"supplied":[2377215,2347776,2323195,2260683,2113465,2355264,null,null,null,null,null,null],"sold":[1701438,1772574,1711020,1781279,1739524,1938008,null,null,null,null,null,null],"blowoff":[66822,33346.68,53809,35217,44501.97,75625,null,null,null,null,null,null]},"บ้านบึง":{"rate":[30.73766083,31.88402896,35.15110008,28.59162439,28.8132264,27.75341522,null,null,null,null,null,null],"volume":[600275.01,655421.65,753706.9,590207.61,574125.29,609387.15,null,null,null,null,null,null],"production":[2868881.02,2705831,2262929.73,2204136.02,2282069.16,2233429.04,null,null,null,null,null,null],"supplied":[1952897.5,2055642.5,2144191.5,2064267.5,1992575.5,2195719.5,null,null,null,null,null,null],"sold":[1282967,1338640,1309243,1391155,1338275,1495091,null,null,null,null,null,null],"blowoff":[69655.49,61580.85,81241.6,82904.89,80175.21,91241.35,null,null,null,null,null,null]},"ศรีราชา":{"rate":[35.48782519,34.95352463,37.66655402,30.68249051,28.198736,31.04377767,null,null,null,null,null,null],"volume":[934349.02,928099.95,1057412.67,866772.99,702846.62,879698.12,null,null,null,null,null,null],"production":[2382265,2381340,2620626,2524922.18,2265620.56,2626931.98,null,null,null,null,null,null],"supplied":[2632872.02,2655239.95,2807298.67,2824975.99,2492475.62,2833734.12,null,null,null,null,null,null],"sold":[1488023,1542140,1534886,1687853,1579129,1718536,null,null,null,null,null,null],"blowoff":[210500,185000,215000,270350,210500,235500,null,null,null,null,null,null]},"แหลมฉบัง":{"rate":[28.39752502,23.05687757,28.68556115,24.37378825,18.97604341,19.38057964,null,null,null,null,null,null],"volume":[805556,641915,826355,699984,499351.44,559715.02,null,null,null,null,null,null],"production":[2962242,2901150,2918760,2913612,2697607.44,3104915.02,null,null,null,null,null,null],"supplied":[2836712,2784050,2880735,2871872,2631483.44,2888020.02,null,null,null,null,null,null],"sold":[1971000,2079189,1990782,2109230,2006278,2242780,null,null,null,null,null,null],"blowoff":[60156,62946,63598,62658,125854,85525,null,null,null,null,null,null]},"ฉะเชิงเทรา":{"rate":[11.32465789,10.24933057,6.55242199,10.86244493,6.589311823,6.749503894,null,null,null,null,null,null],"volume":[119450,105183.55,70194,114792.58,64672.58,74283.15,null,null,null,null,null,null],"production":[1064049.3,1036078.3,1081108.3,1080260.3,1001941.3,1123028.3,null,null,null,null,null,null],"supplied":[1054778,1026248,1071268,1056784,981477,1100572,null,null,null,null,null,null],"sold":[888828,874274,951549,897940,872967,982943,null,null,null,null,null,null],"blowoff":[46500,46790.45,49525,44051.42,43837.42,43345.85,null,null,null,null,null,null]},"บางปะกง":{"rate":[13.45532365,9.602278983,12.84630517,9.883755442,6.595760234,6.935480339,null,null,null,null,null,null],"volume":[181989.98,126452.7,175726.15,137930.97,84365.05,100076.97,null,null,null,null,null,null],"production":[1375234.38,1343913,1378190,1397452,1280841.75,1466344.38,null,null,null,null,null,null],"supplied":[1352550,1316903,1367912,1395532,1279080,1442971,null,null,null,null,null,null],"sold":[1128045,1147465,1148946,1214781,1156861,1299888,null,null,null,null,null,null],"blowoff":[42515.02,42985.3,43239.85,42820.03,37853.95,43006.03,null,null,null,null,null,null]},"บางคล้า":{"rate":[32.46496725,30.6279843,30.46790549,28.1613341,26.78498691,26.03929732,null,null,null,null,null,null],"volume":[916973,832268,870933,790180,693740,740799,null,null,null,null,null,null],"production":[3105426,3006713,3215311,3059258,2752372,3036306,null,null,null,null,null,null],"supplied":[2824500,2717345,2858526,2805904,2590033,2844927,null,null,null,null,null,null],"sold":[1731577,1731577,1788793,1830724,1750543,1999606,null,null,null,null,null,null],"blowoff":[175950,153500,198800,185000,145750,104522,null,null,null,null,null,null]},"พนมสารคาม":{"rate":[30.02214685,25.03315373,29.36993435,28.79609515,29.99923563,22.69126453,null,null,null,null,null,null],"volume":[237229,186123,263476.8,265775,259031.4,222209.2,null,null,null,null,null,null],"production":[986356.6,856948.5,1054251.3,967202.41,898098.83,1023768,null,null,null,null,null,null],"supplied":[790180,743506,897097,922955,863460,979272,null,null,null,null,null,null],"sold":[525905,553810,554946,599330,586628,658569,null,null,null,null,null,null],"blowoff":[27046,3573,78674.2,57850,17800.6,98493.8,null,null,null,null,null,null]},"ระยอง":{"rate":[16.07766228,8.992810919,14.10088933,7.765553282,12.22663633,10.70630547,null,null,null,null,null,null],"volume":[318571,169159,277631,150052,225439,218681,null,null,null,null,null,null],"production":[2053947,2087249,2162587,2139977,1913025,2138811,null,null,null,null,null,null],"supplied":[1981451,1881047,1968890,1932277,1843835,2042544,null,null,null,null,null,null],"sold":[1573915,1625680,1605048,1761969,1572709,1755332,null,null,null,null,null,null],"blowoff":[88965,86208,86211,20256,45687,68531,null,null,null,null,null,null]},"บ้านฉาง":{"rate":[26.17153267,27.25459277,28.29786106,25.80735705,25.86268941,23.14020417,null,null,null,null,null,null],"volume":[848736,926068,976800,942423,879678,853622,null,null,null,null,null,null],"production":[3344490,3467137,3657519,3697654,3477127,3714212,null,null,null,null,null,null],"supplied":[3242974,3397842,3451851,3651761,3401340,3688913,null,null,null,null,null,null],"sold":[2262585,2347266,2348722,2596047,2415632,2709003,null,null,null,null,null,null],"blowoff":[131653,124508,126329,113291,106030,126288,null,null,null,null,null,null]},"ปากน้ำประแสร์":{"rate":[50.20839956,43.2194551,37.24192402,41.86915489,44.63009386,44.35694906,null,null,null,null,null,null],"volume":[428001,362584,320161,392852,406623,442072,null,null,null,null,null,null],"production":[1050797,1096965,1121588,1080260.3,1032622,1273786,null,null,null,null,null,null],"supplied":[852449,838937,859679,938285,911096,996624,null,null,null,null,null,null],"sold":[406572,460127,520776,522584,484011,536090,null,null,null,null,null,null],"blowoff":[17876,16226,18742,22849,20462,18462,null,null,null,null,null,null]},"จันทบุรี":{"rate":[33.41347527,31.55969766,32.43758812,32.34588181,28.12377044,28.57265308,null,null,null,null,null,null],"volume":[672506,615499,657516.11,658458,513929,565181.51,null,null,null,null,null,null],"production":[2284323,2255045,2258036,2096945,2146734,2294436,null,null,null,null,null,null],