{"mtime":1774576704,"year":"2568","data":{"ชลบุรี(พ)":{"rate":[25.05814612,20.51438429,22.15238856,22.51350093,20.07127166,19.22896689,21.99224454,23.35915454,22.69247299,21.92384616,22.50043819,20.87329979],"volume":[1264898.13,0,0,0,0,993534.76,1096569.38,1194933.93,1167115.64,1142309.64,1146478.44,1038271.12],"production":[4045731.25,3844427,4619902,4374144,3863302,4226373,3862486,3941475,3763318,4041934.25,4162051,4099855],"supplied":[5047852,5242837,5311816,5071114.5,4731909,5166865,4986164,5115484.5,5143184,5210352.38,5095360.5,4974159],"sold":[3708284,3788303,3957284,3823833,3652154,4029726.86,3826169.2,3823274,3825304,3928538,3878670,3878670],"blowoff":[74669.87,378998.27,177837.88,105596.09,130000.69,143603.38,63425.42,97276.57,150764.36,139504.74,70212.06,57217.88]},"พัทยา(พ)":{"rate":[22.05291436,23.01981979,15.89219216,24.22412737,24.87097017,22.30714271,22.13116235,23.32206411,27.69609432,23.6685097,18.18374738,18.20005006],"volume":[0,0,0,0,0,1343762.43,1504290.86,1504290.8599999996,1833929.55,1486590.51,1140827.19,1097132.87],"production":[6208172,6415265,6660498,6907950,7030088,6411988,7011624,7011624,6763272,6470352,6501965.4,6653559],"supplied":[5911462.85,6235435,6326117,6693203,6761072,6023911.03,6797161.56,6450076,6621617.94,6280879.23,6273883.85,6028186],"sold":[4522933.01,4699040.02,5217576.04,4950343.03,4949694,4551075,5142167,4530155,4541689.72,4498256,4792447.14,4782625],"blowoff":[84880,101009.08,103182.29,121489.95,129833.8,129073.6,150703.7,250000,245998.67,296032.72,340609.52,148428.13]},"พนัสนิคม":{"rate":[25.61631994,23.07951525,24.26537442,20.34341027,18.31549975,19.98928179,21.76532665,24.98203477,20.10771355,26.9375699,24.26313562,20.27630951],"volume":[608955,541855.32,0,0,0,454310,500026.82,594124,451782.32,655130.32,594603.32,461042.32],"production":[2654800,3069972,2277134,2337157,2084940,2428517,2450893,2558707,2541344,2620890,2620773,2521963],"supplied":[2377215,2347776,2219498,2249758,2020065,2272768,2297355,2378205,2246811,2432032,2450645,2273798],"sold":[1701438,1772574,1650947.5,1723472.5,1593660,1760440,1719027,1714895,1749968,1694530,1790520,1786333],"blowoff":[66822,33346.68,29981,68608,56420,58018,78301.18,69186,45060.68,82371.68,65521.68,26422.68]},"บ้านบึง":{"rate":[28.32374279,22.38575716,28.24487606,25.64486347,21.20830234,22.64452755,23.34499126,26.1105265,25.87472544,23.4359023,24.96021132,26.83394401],"volume":[552567.19,0,0,0,0,409433.71,410905.61,497294.56,476272.19,431135.53,467265.14,489360.44],"production":[2868881.02,2528680.85,2285214.35,2433352,2488017,2756226,2789954,3008457,2988356.87,3046913.77,2900264.76,2676673.98],"supplied":[1950897.5,1675103.85,1864825.85,1793243.16,1623133.83,1808091.2,1760144.63,1904575,1840685,1839637,1872040,1823662],"sold":[1334884,1248268,1282695,1277163,1219536,1338324,1292400,1351630,1309841,1347647,1348280,1275625],"blowoff":[63446.31,51851.17,55413.1,56205.4,59358.7,60333.49,56839.02,55650.44,54571.81,60854.47,56494.86,58676.56]},"ศรีราชา":{"rate":[35.48782519,34.95352463,37.66655402,28.28022304,28.94233573,29.25689662,30.24554108,31.60686558,34.69879758,35.14443545,34.81627179,30.30721517],"volume":[934349.02,928099.95,1057412.67,0,0,750493.74,745895.82,819785.55,883999.09,929550.44,965411,754629.07],"production":[2382265,2443241,2620626,2600390,2321138,2589155,2563076,2535287,2601744,2758912,2765974,2495139],"supplied":[2632872.02,2655239.95,2807298.67,2458999.56,2221031.35,2565185.74,2466134.82,2593694.55,2547636.09,2644943.44,2772873,2489932.07],"sold":[1488023,1542140,1534886,1583339,1472713,1625192,1604959,1604959,1483777,1535893,1621862,1589503],"blowoff":[210500,185000,215000,180250,105500,189500,115280,168950,179860,179500,185600,145800]},"แหลมฉบัง":{"rate":[29.80299908,24.69354631,28.70631974,17.45782358,21.76791105,24.42813044,26.18129074,26.39188371,24.86852087,24.70590027,21.91197943,22.47847259],"volume":[862286,702422,826953,0,0,697176.4,738431,744045,684513,681198,614821,626638],"production":[2962242,2952750,2918760,2549462,2546399,2953572,2945750,2925952,2870100,2990551,2859062,2796725],"supplied":[2893286,2844557,2880735,2481043,2470570,2853990,2820453,2819219,2752528,2757228,2805867,2787725],"sold":[1971000,2079189,1990782,1970317,1873115,2094899,1992240,1992240,1986469,1993465,2111272,2079856],"blowoff":[60000,62946,63000,77589.89,59663.52,61914.6,89782,82934,81546,82565,79774,81231]},"ฉะเชิงเทรา":{"rate":[11.77510275,10.42758289,6.647373116,10.86244493,14.07535162,14.91015559,12.81592356,15.8756839,13.67882154,10.19164609,8.667522407,9.155841123],"volume":[122450,105183.55,70194,114792.58,0,168345.05,138917.05,180715.45,147702,107327.91,90989.31,90963.19],"production":[1065114,1036078.3,1081108.3,1080260.3,1026917.3,1134755,1088607.81,1145498,1087149,1072756,1057794,1002662.3],"supplied":[1039906,1008705,1055966,1056784,1023840,1129063,1083941,1138316,1079786,1053096.91,1049773,993499],"sold":[870609,856295,935898,897940,834966,911183,895489,908056,887054,898869,909749,856019],"blowoff":[46847,47226.45,49874,44051.42,44764.92,49534.95,49534.95,49544.55,45030,46900,49034.69,46516.81]},"บางปะกง":{"rate":[11.45772358,9.994579171,11.82170682,11.21826476,9.138813155,8.344719168,7.202993863,8.036864298,9.996722435,8.846582345,1.174288924,7.40810916],"volume":[-1170560.02,0,0,0,0,114469.77,92844.43,105662.46,130169.84,118289.39,16115,96053.21],"production":[1352765,1293021,1317557,1353852,1251385,1390919,1303940,1368173.38,1302125.18,1377391.38,1408545.38,1344421.18],"supplied":[1336466,1279509,1297537,1325317,1233118,1371763,1288970,1314722.46,1302125.18,1337119.64,1372319.85,1296595.5],"sold":[1128045,1104105,1100943,1130888,1076481,1212629,1156980,1177163,1136215,1175957,1167183,1155904],"blowoff":[42515.02,47522.46,43202.98,45751.43,43944.65,44664.23,39145.57,31897,35740.34,42873.25,43977.53,44638.29]},"บางคล้า":{"rate":[32.76799434,28.21486711,27.31738109,25.89360065,25.83031868,27.3359615,25.67729984,29.65372987,29.19582912,28.98528615,26.97116314,22.84547651],"volume":[925532,0,0,0,0,726133.1,674470,841657.1,857939,848547.62,737055,587863],"production":[3105426,2781017,2772984.1,2768546.6,2580196.8,2925520,2870180,3079490.1,3204921,3180792.62,2989787,2840544],"supplied":[2824500,2470662,2460097.1,2481947.6,2341276.07,2656329.1,2626717,2838284.1,2938567,2927511.62,2732752,2573214],"sold":[1723018,1733568,1748063,1799282,1696517,1890196,1817247,1811627,1695628,1743164,1751447,1752101],"blowoff":[175950,40000,40000,40000,40000,40000,135000,185000,385000,335800,244250,233250]},"พนมสารคาม":{"rate":[30.02214685,30.73700514,30.06029285,37.11073756,35.32042321,24.22074403,33.033048,31.37837538,30.62737366,31.38054512,30.11800078,28.45267112],"volume":[237229,0,0,0,0,227465,318136,291634.7,280076,285092.88,263250,220043],"production":[986356.6,852216.02,871661.43,981625.2,862517.91,981525.98,1010690,1031150.18,1024912.72,1044787.38,1011505,855996.58],"supplied":[790180,813495,830115,942905,829840,939133,963084,929413,914463,908502,874062,773365],"sold":[525905,544398,557524,574951,531725,602593,584519,584519,583159,551826,565280,547414],"blowoff":[27046,19053,23056,18035,5012,109075,60429,53259.3,51228,71583.12,45532,5908]},"ระยอง":{"rate":[17.70495856,12.54868378,11.32883413,15.61964095,14.13779905,10.22694497,16.01511613,17.0332716,13.29306613,16.44416383,13.21031013,11.05785069],"volume":[360954,0,0,0,0,212237.13,321623.89,351527.89,266430,341443,272890,216500],"production":[2058303,1990228,2075219,2100163,1904201,2094345,2026720,2083066,2023121,2096427,2098319,2005561],"supplied":[2038717,1971139,2055772,2080592,1886312,2075274,2008252,2063772,2004278,2076378,2065735,1957885],"sold":[1565127,1611998,1721909,1642925,1536977,1730510.87,1643946.11,1643946.11,1665602,1650343,1696787,1659979],"blowoff":[112636,111789,100968,112686,82652,132526,42682,68298,72246,84592,96058,81406]},"บ้านฉาง":{"rate":[26.17153267,27.25459277,32.00310853,30.59501034,31.926676,27.36789128,28.34437326,27.26882028,17.98037527,20.10695222,22.09412996,24.16590508],